,nazev,cena,odkaz,Celková cena,Poznámka k ceně,ID zakázky,Aktualizace,Stavba,Stav objektu,Vlastnictví,Podlaží,Užitná plocha,Plocha podlahová,Sklep,Datum nastěhování,Doprava,Energetická náročnost budovy,Bezbariérový,Vybavení,Garáž,Výtah,Lodžie,ID,Náklady na bydlení,Umístění objektu,Voda,Topení,Plyn,Odpad,Elektřina,Parkování,Telekomunikace,Balkón,Komunikace,Terasa,Plocha zahrady,Ukazatel energetické náročnosti budovy,Průkaz energetické náročnosti budovy,Rok kolaudace,Rok rekonstrukce,Plocha zastavěná,Typ bytu,Bazén,Výška stropu,Stav,Zlevněno,Původní cena,Počet bytů,Půdní vestavba,Datum zahájení prodeje,Cena,Datum ukončení výstavby,Plocha bazénu
0,"Pronájem bytu 2+1 50 m²Šumberova, Praha 6 - VeleslavínPanorama",16 000 Kč za měsíc,https://www.sreality.cz/detail/pronajem/byt/2+1/praha-veleslavin-sumberova/371004492,16 000 Kč za měsíc,poplatky 4000Kč plus el a plyn,48,13.04.2023,Cihlová,Po rekonstrukci,Osobní,2. podlaží z celkem 3,50m2,50m2,2m2,Ihned,"Vlak, Silnice, MHD",Třída D - Méně úsporná č. 78/2013 Sb. podle vyhlášky,,,,,,,,,,,,,,,,,,,,,,,,,,,,,,,,,,,,
1,"Pronájem bytu 1+1 40 m²Máchova, Praha 2 - Vinohrady",25 000 Kč za měsíc,https://www.sreality.cz/detail/pronajem/byt/1+1/praha-vinohrady-machova/3513300044,25 000 Kč za měsíc,"+ služby 3.400,- Kč/byt + poplatky 2.000,- Kč + DPH/osoba",A09474,Dnes,Smíšená,Velmi dobrý,Osobní,4. podlaží,40m2,40m2,,01.05.2023,,Třída G - Mimořádně nehospodárná č. 78/2013 Sb. podle vyhlášky,,,,,,,,,,,,,,,,,,,,,,,,,,,,,,,,,,,,
2,"Pronájem bytu 2+kk 50 m²Lucemburská, Praha 3 - Vinohrady",25 200 Kč za měsíc,https://www.sreality.cz/detail/pronajem/byt/2+kk/praha-vinohrady-lucemburska/3695383628,25 200 Kč za měsíc,"+ služby 2.000,- Kč/osoba/měsíc + poplatky, kauce, provize RK",A09791,Dnes,Smíšená,Velmi dobrý,Osobní,5. podlaží,50m2,50m2,,15.05.2023,,Třída G - Mimořádně nehospodárná č. 78/2013 Sb. podle vyhlášky,,,,,,,,,,,,,,,,,,,,,,,,,,,,,,,,,,,,
3,"Pronájem bytu 2+kk 60 m²Jankovcova, Praha 7 - Holešovice",19 999 Kč za měsíc,https://www.sreality.cz/detail/pronajem/byt/2+kk/praha-holesovice-jankovcova/723723340,19 999 Kč za měsíc,+ poplatky záloha 6.000 Kč včetně elektřiny. Hradíte nám odměnu 1x nájem.,22221111,Dnes,Cihlová,Novostavba,Osobní,3. podlaží,60m2,55m2,,Ihned,"Silnice, MHD, Autobus",,,Částečně,,,5m2,,,,,,,,,,,,,,,,,,,,,,,,,,,,,,,
4,"Pronájem bytu 2+kk 50 m²Lucemburská, Praha 3 - VinohradyPanorama",25 200 Kč za měsíc,https://www.sreality.cz/detail/pronajem/byt/2+kk/praha-vinohrady-lucemburska/1440153180,25 200 Kč za měsíc,"poplatky 2.000,-Kč/osoba/měsíc, plyn 2.500,-Kč/měsíc, elektrická energie na nájemce, 2 kauce, 1 provize",,Dnes,Cihlová,Velmi dobrý,Osobní,3. podlaží,50m2,,,15.05.2023,,,,Částečně,,,,1440153180.0,,,,,,,,,,,,,,,,,,,,,,,,,,,,,,
5,"Pronájem bytu 2+kk 50 m²Vodičkova, Praha 1 - Nové MěstoPanorama",27 000 Kč za měsíc,https://www.sreality.cz/detail/pronajem/byt/2+kk/praha-nove-mesto-vodickova/2407928908,27 000 Kč za měsíc,"jistota 81000,- Kč",B022,Dnes,Cihlová,Velmi dobrý,Osobní,2. podlaží z celkem 6,50m2,50m2,,08.05.2023,MHD,Třída D - Méně úsporná,,Částečně,,,,,"+800,- Kč/měs. /os. + elektřina +pyln",Centrum obce,Dálkový vodovod,Ústřední plynové,Plynovod,Veřejná kanalizace,230V,,,,,,,,,,,,,,,,,,,,,,,
6,"Pronájem bytu 2+kk 48 m²Na Kozačce, Praha 2 - VinohradyPanorama",30 000 Kč za měsíc,https://www.sreality.cz/detail/pronajem/byt/2+kk/praha-vinohrady-na-kozacce/226885212,30 000 Kč za měsíc (k jednání),"poplatky 3.400,-Kč/měsíc, energie 2.000,-Kč/měsíc/osoba + DPH, kauce a provize",,Dnes,Cihlová,Velmi dobrý,Osobní,3. podlaží,48m2,,,01.07.2023,,,,,,,,226885212.0,,,,,,,,,,,,,,,,,,,,,,,,,,,,,,
7,"Pronájem bytu 1+1 40 m²Máchova, Praha 2 - VinohradyPanorama",25 000 Kč za měsíc,https://www.sreality.cz/detail/pronajem/byt/1+1/praha-vinohrady-machova/210107996,25 000 Kč za měsíc (k jednání),"poplatky 3.400,-Kč/měsíc, energie 2.000,-Kč/osoba/měsíc + DPH, kauce a provize",,Dnes,Cihlová,Velmi dobrý,Osobní,2. podlaží,40m2,,,Ihned,,,,,,,,210107996.0,,,,,,,,,,,,,,,,,,,,,,,,,,,,,,
8,"Pronájem bytu 2+kk 45 m²Moravská, Praha 2 - VinohradyPanorama",24 000 Kč za měsíc,https://www.sreality.cz/detail/pronajem/byt/2+kk/praha-vinohrady-moravska/28429916,24 000 Kč za měsíc (k jednání),"poplatky 3.400,-Kč/měsíc, energie 2.000,-Kč/osoba/měsíc + DPH, kauce a provize",,Dnes,Cihlová,Velmi dobrý,Osobní,1. podlaží,45m2,,,10.07.2023,,,,,,,,28429916.0,,,,,,,,,,,,,,,,,,,,,,,,,,,,,,
9,"Pronájem bytu 1+kk 35 m²Sázavská, Praha 2 - VinohradyPanorama",24 000 Kč za měsíc,https://www.sreality.cz/detail/pronajem/byt/1+kk/praha-vinohrady-sazavska/4271165020,24 000 Kč za měsíc,"poplatky 3.400,-Kč/měsíc, energie 2.000,-Kč/osoba/měsíc + DPH, kauce a provize",,Dnes,Cihlová,Velmi dobrý,Osobní,3. podlaží,35m2,,,01.05.2023,,,,,,,,4271165020.0,,,,,,,,,,,,,,,,,,,,,,,,,,,,,,
10,"Pronájem bytu 2+kk 56 m²Mikulandská, Praha 1 - Nové MěstoPanorama",21 000 Kč za měsíc,https://www.sreality.cz/detail/pronajem/byt/2+kk/praha-nove-mesto-mikulandska/1027851340,21 000 Kč za měsíc,"poplatky na byt 1.700,-Kč/měsíc, převod plynu a elektřiny na nájemníka",,Dnes,Cihlová,Velmi dobrý,Osobní,1. podlaží,56m2,,,Ihned,,,,Částečně,,,,1027851340.0,,,,,,,,,,,,,,,,,,,,,,,,,,,,,,
11,"Pronájem bytu 2+kk 45 m²U libeňského pivovaru, Praha 8 - LibeňPanorama",26 500 Kč za měsíc,https://www.sreality.cz/detail/pronajem/byt/2+kk/praha-liben-u-libenskeho-pivovaru/1899828300,26 500 Kč za měsíc,"+ poplatky 1130,-",,Dnes,Cihlová,Po rekonstrukci,Osobní,4. podlaží,45m2,,,Ihned,"Silnice, MHD, Autobus",Třída G - Mimořádně nehospodárná,,,,,,1899828300.0,1130,,,,,,,,"Satelit, Kabelová televize",,,,,,,,,,,,,,,,,,,,,
12,"Pronájem bytu 2+kk 61 m²Soběslavská, Praha 3 - Vinohrady",25 000 Kč za měsíc,https://www.sreality.cz/detail/pronajem/byt/2+kk/praha-vinohrady-sobeslavska/2680820812,25 000 Kč za měsíc,"domovní poplatky a záloha na spotřebu vody a tepla pro 2 osoby 6.145,-Kč/měsíc, převod elektřiny na nájemníka",,Dnes,Cihlová,Po rekonstrukci,Osobní,4. podlaží,61m2,59m2,,Ihned,,,,Částečně,,,2m2,2680820812.0,,,,,,,,,,,,,,,,,,,,,,,,,,,,,,
13,"Pronájem bytu 2+kk 40 m²Na Kozačce, Praha 2 - VinohradyPanorama",25 000 Kč za měsíc,https://www.sreality.cz/detail/pronajem/byt/2+kk/praha-vinohrady-na-kozacce/2305168460,25 000 Kč za měsíc,"poplatky 3.400,-Kč/měsíc, energie 2.000,-Kč/osoba/měsíc + DPH, kauce a provize",,Dnes,Cihlová,Velmi dobrý,Osobní,1. podlaží,40m2,,,10.07.2023,,,,,,,,2305168460.0,,,,,,,,,,,,,,,,,,,,,,,,,,,,,,
14,"Pronájem bytu 1+kk 16 m²Vodičkova, Praha 1 - Nové MěstoPanorama",18 000 Kč za měsíc,https://www.sreality.cz/detail/pronajem/byt/1+kk/praha-nove-mesto-vodickova/2626032716,18 000 Kč za měsíc,"jistota 54.000,- Kč",B021,Dnes,Cihlová,Velmi dobrý,Osobní,6. podlaží z celkem 6,16m2,16m2,,17.04.2023,MHD,Třída D - Méně úsporná,,,,,,,"800,- Kč/měs/os. + elektřina",Centrum obce,Dálkový vodovod,Ústřední elektrické,,Veřejná kanalizace,,,,,,,,,,,,,,,,,,,,,,,,
15,"Pronájem bytu 1+kk 41 m²Italská, Praha 2 - Vinohrady",29 182 Kč za měsíc,https://www.sreality.cz/detail/pronajem/byt/1+kk/praha-vinohrady-italska/743425868,29 182 Kč (1 250 EUR) za měsíc,"+ fixní služby a poplatky EUR 400/měsíc + DPH, kauce 2 nájmy, provize RK",A07759,Dnes,Cihlová,Velmi dobrý,Osobní,5. podlaží,41m2,41m2,,Ihned,,Třída G - Mimořádně nehospodárná č. 78/2013 Sb. podle vyhlášky,,,,,,,,,,,,,,,Telefon,,,,,,,,,,,,,,,,,,,,,
16,"Pronájem bytu 2+kk 63 m²Steinerova, Praha 4 - Háje",21 500 Kč za měsíc,https://www.sreality.cz/detail/pronajem/byt/2+kk/praha-haje-steinerova/1707611212,21 500 Kč za měsíc,"vratná jistota, náklady na bydlení 4 900 czk, poplatek za podnájem",N3603,Dnes,Cihlová,Velmi dobrý,Osobní,9. podlaží z celkem 12,63m2,63m2,,Ihned,"MHD, Autobus",,,Částečně,,,,,,Klidná část obce,,Ústřední dálkové,,,230V,,,,,,,,,,,,,,,,,,,,,,,
17,"Pronájem bytu 1+kk 32 m²Mezi Vodami, Praha 4 - Modřany",17 000 Kč za měsíc,https://www.sreality.cz/detail/pronajem/byt/1+kk/praha-modrany-mezi-vodami/3867526220,17 000 Kč za měsíc,"+ 2.000, - Kč energie a služby + elektřina na nájemce + 2.000, - Kč park stání + kauce + provize, + provize RK, včetně právního servisu",00211,Dnes,Panelová,Velmi dobrý,Osobní,9. podlaží z celkem 13 včetně 2 podzemních,32m2,,4m2,Ihned,"Vlak, Silnice, MHD, Autobus",Třída G - Mimořádně nehospodárná,,Částečně,,,,,,,Dálkový vodovod,Ústřední dálkové,,Veřejná kanalizace,"230V, 400V",1.0,"Telefon, Internet, Kabelové rozvody, Ostatní",7m2,Asfaltová,,,,,,,,,,,,,,,,,,,
18,"Pronájem bytu 2+kk 43 m²Dvorecké náměstí, Praha 4 - Podolí",16 490 Kč za měsíc,https://www.sreality.cz/detail/pronajem/byt/2+kk/praha-podoli-dvorecke-namesti/84227148,16 490 Kč za měsíc,"vratná kauce Kč, náklady na bydlení 4 100 Kč, poplatek za podnájem",N1007,Dnes,Cihlová,Velmi dobrý,Osobní,1. podlaží z celkem 5,43m2,43m2,,01.05.2023,,Třída G - Mimořádně nehospodárná,,Částečně,,,,,,Klidná část obce,,Ústřední tuhá paliva,,,230V,,"Telefon, Satelit",,,,,,,,,,,,,,,,,,,,,
19,"Pronájem bytu 2+kk 43 m²Vokrojova, Praha 4 - Modřany",14 900 Kč za měsíc,https://www.sreality.cz/detail/pronajem/byt/2+kk/praha-modrany-vokrojova/849286220,14 900 Kč za měsíc,"vratná jistota 14 900 CZK, utilities 5 500 Kč, poplatek za podnájem",N3607,Dnes,Panelová,Velmi dobrý,Osobní,4. podlaží z celkem 12,43m2,43m2,,01.05.2023,,,,Částečně,,,,,,Klidná část obce,,Ústřední dálkové,,,230V,,,,,,,,,,,,,,,,,,,,,,,
20,"Pronájem bytu 1+kk 27 m²Štúrova, Praha 4 - KrčPanorama",12 500 Kč za měsíc,https://www.sreality.cz/detail/pronajem/byt/1+kk/praha-krc-sturova/2176717900,12 500 Kč za měsíc,"vratná jistota, náklady na bydlení 3700 Kč, poplatek za podnájem",N3023,Dnes,Cihlová,Velmi dobrý,Osobní,1. podlaží z celkem 2,27m2,27m2,,01.05.2023,,,,Částečně,,,,,,Klidná část obce,,Ústřední dálkové,,,230V,,,,,,,,,,,,,,,,,,,,,,,
21,"Pronájem bytu 2+1 50 m²Šumberova, Praha 6 - VeleslavínPanorama",16 000 Kč za měsíc,https://www.sreality.cz/detail/pronajem/byt/2+1/praha-veleslavin-sumberova/371004492,16 000 Kč za měsíc,poplatky 4000Kč plus el a plyn,48,13.04.2023,Cihlová,Po rekonstrukci,Osobní,2. podlaží z celkem 3,50m2,50m2,2m2,Ihned,"Vlak, Silnice, MHD",Třída D - Méně úsporná č. 78/2013 Sb. podle vyhlášky,,,,,,,,,,,,,,,,,,,,,,,,,,,,,,,,,,,,
22,"Pronájem bytu 2+1 58 m²Bohumínská, Praha 9 - Letňany",17 900 Kč za měsíc,https://www.sreality.cz/detail/pronajem/byt/2+1/praha-letnany-bohuminska/2073044044,17 900 Kč za měsíc,"vratná jistota, náklady na bydlení 4000 Kč, poplatek za podnájem",N3582,Dnes,Cihlová,Velmi dobrý,Osobní,2. podlaží z celkem 4,58m2,58m2,,Ihned,,,,Částečně,,,,,,Klidná část obce,,Ústřední dálkové,,,230V,,,,,,,,,,,,,,,,,,,,,,,
23,"Pronájem bytu 3+kk 58 m²Teplická, Praha 9 - Střížkov",22 900 Kč za měsíc,https://www.sreality.cz/detail/pronajem/byt/3+kk/praha-strizkov-teplicka/730866764,22 900 Kč za měsíc,"vratná jistota, náklady na bydlení 5 000 Kč/měs., poplatek za podnájem",N2165,Dnes,Smíšená,Velmi dobrý,Osobní,11. podlaží z celkem 12,58m2,58m2,,Ihned,,,,Částečně,,,,,,Klidná část obce,,Ústřední dálkové,,,230V,,,,,,,,,,,,,,,,,,,,,,,
24,"Pronájem bytu 1+kk 24 m²Jabloňová, Praha 10 - Záběhlice",12 000 Kč za měsíc,https://www.sreality.cz/detail/pronajem/byt/1+kk/praha-zabehlice-jablonova/3884983372,12 000 Kč za měsíc,"vratná jistota 12 000 Kč, náklady na bydlení 2 500 Kč, poplatek za podnájem",N2315,Dnes,Panelová,Velmi dobrý,Osobní,8. podlaží z celkem 13,24m2,24m2,,Ihned,,,,Částečně,,,,,,Klidná část obce,,,,,230V,,,,,,,,,,,,,,,,,,,,,,,
25,"Pronájem bytu 1+kk 28 m²Na Dračkách, Praha 6 - VeleslavínPanorama",14 000 Kč za měsíc,https://www.sreality.cz/detail/pronajem/byt/1+kk/praha-veleslavin-na-drackach/1391653964,14 000 Kč za měsíc,"vratná jistota, náklady na bydlení 3932 Kč, poplatek za podnájem",N3360,Dnes,Cihlová,Velmi dobrý,Osobní,1. podlaží z celkem 1,28m2,28m2,,Ihned,,,,,,,,,,Klidná část obce,,Ústřední dálkové,,,230V,,,,,,18m2,,,,,,,,,,,,,,,,,
26,"Pronájem bytu 1+1 38 m²Hlivická, Praha 8 - Bohnice",13 500 Kč za měsíc,https://www.sreality.cz/detail/pronajem/byt/1+1/praha-bohnice-hlivicka/2699113548,13 500 Kč za měsíc,"vratná jistota, náklady na bydlení 3600 Kč, poplatek za podnájem",N3532,Dnes,Panelová,Velmi dobrý,Osobní,14. podlaží z celkem 14,38m2,38m2,,Ihned,,,,Částečně,,,,,,Klidná část obce,,Ústřední dálkové,,,230V,,,,,,,,,,,,,,,,,,,,,,,
27,"Pronájem bytu 1+kk 32 m²Baranova, Praha 3 - ŽižkovPanorama",15 900 Kč za měsíc,https://www.sreality.cz/detail/pronajem/byt/1+kk/praha-zizkov-baranova/4262339660,15 900 Kč za měsíc,"vratná jistota, náklady na bydlení 3000 Kč, poplatek za podnájem",N3183,Dnes,Skeletová,Velmi dobrý,Osobní,2. podlaží z celkem 6,32m2,32m2,,01.05.2023,,,,Částečně,,,,,,Centrum obce,,Ústřední dálkové,,,230V,,,,,,,,,,,,,,,,,,,,,,,
28,"Pronájem bytu 1+kk 39 m²Třinecká, Praha 9 - LetňanyPanorama",13 490 Kč za měsíc,https://www.sreality.cz/detail/pronajem/byt/1+kk/praha-letnany-trinecka/4246348876,13 490 Kč za měsíc,"vratná jistota, náklady na bydlení 4.600 Kč/měsíc vč. elektřiny, poplatek za podnájem",N3552,Dnes,Panelová,Velmi dobrý,Osobní,1. podlaží z celkem 8,39m2,39m2,,Ihned,,,,Částečně,,,,,,Klidná část obce,,Ústřední dálkové,,,230V,,,,,,,,,,,,,,,,,,,,,,,
29,"Pronájem bytu 1+kk 41 m²Italská, Praha 2 - Vinohrady",31 250 Kč za měsíc,https://www.sreality.cz/detail/pronajem/byt/1+kk/praha-vinohrady-italska/3782067276,31 250 Kč za měsíc,+ Poplatky viz text,595-1,Dnes,Cihlová,Po rekonstrukci,Osobní,5. podlaží z celkem 5,41m2,,,Ihned,,Třída G - Mimořádně nehospodárná,,,,,,,,,,Ústřední plynové,,,,,,,,,,,,,,,,,,,,,,,,,,
30,"Pronájem bytu 1+kk 41 m²Novákových, Praha 8 - Libeň",16 500 Kč za měsíc,https://www.sreality.cz/detail/pronajem/byt/1+kk/praha-liben-novakovych/4224721996,16 500 Kč za měsíc,Poplatky 1 898 Kč + elektřina,126575-1,Dnes,Smíšená,Novostavba,Osobní,2. podlaží z celkem 6,41m2,,,01.06.2023,,Třída C - Úsporná č. 78/2013 Sb. podle vyhlášky,,,,,,,,,,Ústřední plynové,,,,,,,,,,"122,0 kWh/m^2 za rok",Zobrazit průkaz energetické náročnosti budovy,,,,,,,,,,,,,,,
31,"Pronájem bytu 1+kk 22 m²Freyova, Praha 9 - Vysočany",15 500 Kč za měsíc,https://www.sreality.cz/detail/pronajem/byt/1+kk/praha-vysocany-freyova/2671166540,15 500 Kč za měsíc,3000kč poplatky včetně energií,74C,Dnes,Cihlová,Dobrý,Osobní,4. podlaží z celkem 5,22m2,22m2,,Ihned,,Třída G - Mimořádně nehospodárná č. 264/2020 Sb. podle vyhlášky,,Částečně,,,,,,Centrum obce,,,,,,,,,,,,,,1999.0,,,,,,,,,,,,,,
32,"Pronájem bytu 2+1 56 m²Pelhřimovská, Praha 4 - Michle",18 500 Kč za měsíc,https://www.sreality.cz/detail/pronajem/byt/2+1/praha-michle-pelhrimovska/1432626252,18 500 Kč za měsíc,+ poplatky 3 500 Kč + elektřina,130055,Dnes,Cihlová,Velmi dobrý,Osobní,5. podlaží z celkem 6,56m2,,,Ihned,,Třída G - Mimořádně nehospodárná,,Částečně,,,,,,,,Ústřední plynové,,,,,,3m2,,,,,,,2018.0,,,,,,,,,,,,,
33,"Pronájem bytu 1+kk 42 m²Tusarova, Praha 7 - Holešovice",17 000 Kč za měsíc,https://www.sreality.cz/detail/pronajem/byt/1+kk/praha-holesovice-tusarova/2602374220,17 000 Kč za měsíc,"bez poplatků, + provize RK",00727,Dnes,Smíšená,Novostavba,Osobní,4. podlaží,42m2,,,Ihned,"Silnice, MHD",Třída A - Mimořádně úsporná č. 78/2013 Sb. podle vyhlášky,,,,,,,,,Dálkový vodovod,,,Veřejná kanalizace,230V,,Internet,,Asfaltová,,,"103,0 kWh/m^2 za rok",Zobrazit průkaz energetické náročnosti budovy,,,,,,,,,,,,,,,
34,"Pronájem bytu 2+kk 47 m²Na Palouku, Praha 10 - Strašnice",24 300 Kč za měsíc,https://www.sreality.cz/detail/pronajem/byt/2+kk/praha-strasnice-na-palouku/3811910732,24 300 Kč za měsíc,"bez poplatků, + provize RK",00701,Dnes,Smíšená,Novostavba,Osobní,5. podlaží,47m2,,,Ihned,"Silnice, MHD",Třída B - Velmi úsporná č. 78/2013 Sb. podle vyhlášky,,,,,4m2,,,,Dálkový vodovod,,,Veřejná kanalizace,230V,,"Internet, Kabelové rozvody",,Asfaltová,,,"92,0 kWh/m^2 za rok",Zobrazit průkaz energetické náročnosti budovy,,,,,,,,,,,,,,,
35,"Pronájem bytu 2+kk 40 m²Dolnoměcholupská, Praha 10 - HostivařPanorama",14 500 Kč za měsíc,https://www.sreality.cz/detail/pronajem/byt/2+kk/praha-hostivar-dolnomecholupska/1183192140,14 500 Kč za měsíc,,833661,Dnes,Cihlová,Dobrý,Osobní,2. podlaží z celkem 2,40m2,,,01.05.2023,"Silnice, MHD",Třída C - Úsporná č. 148/2007 Sb. podle vyhlášky,,,,,,,,Klidná část obce,,,,Veřejná kanalizace,,,,,,,,,,,,,,,,,,,,,,,,
36,"Pronájem bytu 1+kk 30 m²Holečkova, Praha 5 - Košíře",32 000 Kč za měsíc,https://www.sreality.cz/detail/pronajem/byt/1+kk/praha-kosire-holeckova/808375372,32 000 Kč za měsíc,vč. poplatků,ZZU0011-0002,Dnes,Cihlová,Velmi dobrý,Osobní,1. podlaží z celkem 3,30m2,,,Ihned,,Třída G - Mimořádně nehospodárná,,,,,,,,,,,,,,,,,,,,,,,,,,,,,,,,,,,,
37,"Pronájem bytu 1+kk 37 m²Papírníkova, Praha 4 - Kamýk",15 000 Kč za měsíc,https://www.sreality.cz/detail/pronajem/byt/1+kk/praha-kamyk-papirnikova/2814391372,15 000 Kč za měsíc,"v ceně právní servis, provize 15 000.-Kč+DPH v platné výši",228,Dnes,Smíšená,Novostavba,Osobní,1. podlaží z celkem 6,37m2,37m2,5m2,01.05.2023,,Třída G - Mimořádně nehospodárná č. 78/2013 Sb. podle vyhlášky,,Částečně,,,,,,,Dálkový vodovod,,,,,1.0,,,,12m2,41m2,,,,,6868m2,,,,,,,,,,,,
38,"Pronájem bytu 2+kk 46 m²Na Václavce, Praha 5 - SmíchovPanorama",15 000 Kč za měsíc,https://www.sreality.cz/detail/pronajem/byt/2+kk/praha-smichov-na-vaclavce/500315212,15 000 Kč za měsíc,"+ 2800,- el. a plyn + 650,- /os. služby",N12586,Dnes,Cihlová,Velmi dobrý,Osobní,3. podlaží,46m2,46m2,,Ihned,,,,,,,,,,,,,,,,,"Internet, Kabelová televize",,,,,,,,,,,,,,,,,,,,,
39,"Pronájem bytu 2+kk 67 m²Na Truhlářce, Praha 8 - LibeňPanorama",18 000 Kč za měsíc,https://www.sreality.cz/detail/pronajem/byt/2+kk/praha-liben-na-truhlarce/1164645452,18 000 Kč za měsíc,"+ 4000,- služby i energie",N12571,Dnes,Cihlová,Velmi dobrý,Osobní,3. podlaží,67m2,67m2,,Ihned,,,,,,,,,,,,,,,,,Internet,,,,,,,,,,,,,,,,,,,,,
40,"Pronájem bytu 2+1 53 m²Londýnská, Praha 2 - VinohradyPanorama",16 000 Kč za měsíc,https://www.sreality.cz/detail/pronajem/byt/2+1/praha-vinohrady-londynska/1502880844,16 000 Kč za měsíc,"3000,- /os. poplatky + el.",N11944,Dnes,Cihlová,Velmi dobrý,Osobní,3. podlaží,53m2,53m2,,Ihned,,,,,,,,,,,,,,,,,Internet,,,,,,,,,,,,,,,,,,,,,
41,"Pronájem bytu 1+kk 30 m²Mikovcova, Praha 2 - VinohradyPanorama",14 000 Kč za měsíc,https://www.sreality.cz/detail/pronajem/byt/1+kk/praha-vinohrady-mikovcova/2366645324,14 000 Kč za měsíc,"+ 3000,- služby i energie",N12617,Dnes,Cihlová,Velmi dobrý,Osobní,5. podlaží,30m2,30m2,,Ihned,,,,,,,,,,,,,,,,,Internet,,,,,,,,,,,,,,,,,,,,,
42,"Pronájem bytu 1+kk 33 m²Košická, Praha 10 - VršovicePanorama",20 400 Kč za měsíc,https://www.sreality.cz/detail/pronajem/byt/1+kk/praha-vrsovice-kosicka/2716939340,20 400 Kč za měsíc,,N03087,13.04.2023,Cihlová,Po rekonstrukci,Osobní,5. podlaží z celkem 5,33m2,33m2,,Ihned,"Vlak, Dálnice, Silnice, MHD, Autobus",Třída C - Úsporná,,,,,,,,,Dálkový vodovod,Ústřední plynové,Plynovod,Veřejná kanalizace,230V,,"Internet, Kabelová televize, Kabelové rozvody, Ostatní",,,,,,,,,,,,,,,,,,,,,
43,"Pronájem bytu 2+kk 33 m²Kurandové, Praha 5 - HlubočepyPanorama",17 000 Kč za měsíc,https://www.sreality.cz/detail/pronajem/byt/2+kk/praha-hlubocepy-kurandove/2434081868,17 000 Kč za měsíc,+ zálohy 3 650 Kč za služby + 500 Kč za elektřinu,N12620,Dnes,Cihlová,Novostavba,Osobní,3. podlaží,33m2,33m2,,Ihned,,Třída C - Úsporná č. 78/2013 Sb. podle vyhlášky,,,,,,,,,,,,,,,,,,,,,,,,,,,,,,,,,,,,
44,"Pronájem bytu 2+kk 50 m²Salmovská, Praha 2 - Nové MěstoPanorama",20 000 Kč za měsíc,https://www.sreality.cz/detail/pronajem/byt/2+kk/praha-nove-mesto-salmovska/3300144204,20 000 Kč za měsíc,"+ 5000,- veškeré služby i energie",N11962,Dnes,Cihlová,Velmi dobrý,Osobní,4. podlaží,50m2,50m2,,Ihned,,,,,,,,,,,,,,,,,"Telefon, Internet, Kabelová televize",,,,,,,,,,,,,,,,,,,,,
45,"Pronájem bytu 2+kk 33 m²Kurandové, Praha 5 - HlubočepyPanorama",16 000 Kč za měsíc,https://www.sreality.cz/detail/pronajem/byt/2+kk/praha-hlubocepy-kurandove/387109964,16 000 Kč za měsíc,"+ 4000,- služby i energie",M12601,Dnes,Cihlová,Novostavba,Osobní,4. podlaží,33m2,33m2,,Ihned,,Třída C - Úsporná č. 78/2013 Sb. podle vyhlášky,,,,,,,,,,,,,,,,,,,,,,,,,,,,,,,,,,,,
46,"Pronájem bytu 1+kk 25 m²Uhříněveská, Praha 10 - StrašnicePanorama",10 000 Kč za měsíc,https://www.sreality.cz/detail/pronajem/byt/1+kk/praha-strasnice-uhrineveska/1633150028,10 000 Kč za měsíc,"+ 2000,- služby i energie",N12598,Dnes,Cihlová,Velmi dobrý,Osobní,1. podlaží,25m2,25m2,,Ihned,,,,,,,,,,,,,,,,,Internet,,,,,,,,,,,,,,,,,,,,,
47,"Pronájem bytu atypické 63 m² (Mezonet)náměstí Bratří Synků, Praha 4 - NuslePanorama",29 500 Kč za měsíc,https://www.sreality.cz/detail/pronajem/byt/atypicky/praha-nusle-namesti-bratri-synku/3365549132,29 500 Kč za měsíc,+ 750 Kč/os. poplatky + el. a plyn,N12611,Dnes,Cihlová,Velmi dobrý,Osobní,6. podlaží,63m2,63m2,,Ihned,,,,,,,,,,,,,,,,,Internet,,,13m2,,,,,,,Mezonet,,,,,,,,,,,
48,"Pronájem bytu 2+kk 56 m²Pod Školou, Praha - Košíře",16 000 Kč za měsíc,https://www.sreality.cz/detail/pronajem/byt/2+kk/praha-kosire-pod-skolou/3803583564,16 000 Kč za měsíc,,btpn00006,Dnes,Smíšená,Novostavba,Osobní,4. podlaží,56m2,56m2,3m2,Ihned,,Třída D - Méně úsporná č. 78/2013 Sb. podle vyhlášky,,,,,,,,,,,,,,,,4m2,,,,,,,,,,,,,,,,,,,,
49,"Pronájem bytu 2+1 50 m²náměstí Svatopluka Čecha, Praha 10 - Vršovice",18 500 Kč za měsíc,https://www.sreality.cz/detail/pronajem/byt/2+1/praha-vrsovice-namesti-svatopluka-cecha/2979603532,18 500 Kč za měsíc,"bez DPH, bez poplatků, + provize RK, včetně právního servisu",09236028,Dnes,Smíšená,Dobrý,Osobní,1. podlaží z celkem 6 včetně 1 podzemního,50m2,52m2,,Ihned,"Silnice, MHD",Třída G - Mimořádně nehospodárná,,Částečně,,,,,4 000,Centrum obce,Dálkový vodovod,Ústřední elektrické,,Veřejná kanalizace,230V,,"Telefon, Kabelové rozvody",,Betonová,,,,,,,,,,,,,,,,,,,
50,"Pronájem bytu 2+1 65 m²Parléřova, Praha 6 - Střešovice",26 000 Kč za měsíc,https://www.sreality.cz/detail/pronajem/byt/2+1/praha-stresovice-parlerova/376448076,26 000 Kč za měsíc,+ Poplatky viz text,129587-1,Dnes,Cihlová,Po rekonstrukci,Osobní,3. podlaží z celkem 7 včetně 1 podzemního,65m2,,,Ihned,,Třída G - Mimořádně nehospodárná,,,,,,,,,,Lokální plynové,,,,,,,,,,,,,2022.0,,,,,,,,,,,,,
51,"Pronájem bytu 3+kk 59 m²Máchova, Praha 2 - Vinohrady",30 000 Kč za měsíc,https://www.sreality.cz/detail/pronajem/byt/3+kk/praha-vinohrady-machova/2571506764,30 000 Kč za měsíc,"+ služby 3.400,- Kč/byt + poplatky 2.000,- Kč + DPH/osoba",A09641,Dnes,Smíšená,Velmi dobrý,Osobní,4. podlaží,59m2,59m2,,15.05.2023,,Třída G - Mimořádně nehospodárná č. 78/2013 Sb. podle vyhlášky,,,,,,,,,,,,,,,,,,,,,,,,,,,,,,,,,,,,
52,"Pronájem bytu 1+kk 27 m²Starokolínská, Praha 9 - Újezd nad LesyPanorama",11 800 Kč za měsíc,https://www.sreality.cz/detail/pronajem/byt/1+kk/praha-ujezd-nad-lesy-starokolinska/2854302796,11 800 Kč za měsíc,,2264,Dnes,Cihlová,Novostavba,Osobní,2. podlaží z celkem 2,27m2,27m2,,Ihned,,,,,,,,,záloha na služby 4000 Kč/měs.,Klidná část obce,Dálkový vodovod,,,,230V,,,,,13m2,,,,,,,,,,,,,,,,,,
53,"Pronájem bytu 2+kk 60 m²Pechmanových, Praha 9 - Vysočany",19 990 Kč za měsíc,https://www.sreality.cz/detail/pronajem/byt/2+kk/praha-vysocany-pechmanovych/1907758156,19 990 Kč za měsíc,"vratná jistota, náklady na bydlení 5000 kč, poplatek za podnájem, 2000 kč garážové stání",N3636,Dnes,Cihlová,Velmi dobrý,Osobní,4. podlaží z celkem 6,60m2,60m2,,21.04.2023,,,,Částečně,,,,,,Klidná část obce,,Ústřední dálkové,,,230V,,,,,,,,,,,,,,,,,,,,,,,
54,"Pronájem bytu 1+1 46 m²Vítkova, Praha 8 - Karlín",19 500 Kč za měsíc,https://www.sreality.cz/detail/pronajem/byt/1+1/praha-karlin-vitkova/3555013708,19 500 Kč za měsíc,+ poplatky 4 100 Kč včetně energií,125327-3,Dnes,Cihlová,Velmi dobrý,Osobní,2. podlaží,46m2,,,Ihned,,Třída G - Mimořádně nehospodárná,,Částečně,,,,,,,,Lokální elektrické,,,,,,,,,,,,,,,,,,,,,,,,,,
55,"Pronájem bytu 1+kk 43 m²Hodonínská, Praha 4 - MichlePanorama",17 900 Kč za měsíc,https://www.sreality.cz/detail/pronajem/byt/1+kk/praha-michle-hodoninska/2779649100,17 900 Kč za měsíc,Plus poplatky 4120Kč,KRO0016-0002,Dnes,Cihlová,Novostavba,Osobní,2. podlaží z celkem 7,43m2,,5m2,Ihned,,Třída B - Velmi úsporná,,,1.0,,5m2,,,,,,,,,,,,,,,,,,,,,,,,,,,,,,,
56,"Pronájem bytu 1+kk 36 m²Lindleyova, Praha 6 - DejvicePanorama",12 500 Kč za měsíc,https://www.sreality.cz/detail/pronajem/byt/1+kk/praha-dejvice-lindleyova/1958089804,12 500 Kč za měsíc,"+ poplatky včetně elektřiny a internetu 4.150 Kč, kauce a provize RK",N19161,Dnes,Cihlová,Novostavba,Osobní,5. podlaží z celkem 5,36m2,36m2,,05.05.2023,"Vlak, MHD, Autobus",Třída C - Úsporná,,,,,,,,Klidná část obce,Dálkový vodovod,Ústřední dálkové,,,230V,,Internet,,,,,,,,,,,,,,,,,,,,,
57,"Pronájem bytu 2+kk 45 m²Plzeňská, Praha 5 - Smíchov",18 500 Kč za měsíc,https://www.sreality.cz/detail/pronajem/byt/2+kk/praha-smichov-plzenska/330975052,18 500 Kč za měsíc,"+ poplatky domu 2500, -, + provize RK, včetně právního servisu",P12-2,Dnes,Cihlová,Dobrý,Osobní,5. podlaží z celkem 5,45m2,47m2,,Ihned,"Silnice, MHD, Autobus",Třída F - Velmi nehospodárná č. 78/2013 Sb. podle vyhlášky,,Částečně,,,,,,Centrum obce,,Lokální elektrické,,,,,Internet,,,,,"293,8 kWh/m^2 za rok",Zobrazit průkaz energetické náročnosti budovy,,2021.0,,,,,,,,,,,,,
58,"Pronájem bytu 2+1 39 m²Oldřichova, Praha 2 - Nusle",15 500 Kč za měsíc,https://www.sreality.cz/detail/pronajem/byt/2+1/praha-nusle-oldrichova/3710723148,15 500 Kč za měsíc,+ Poplatky 1 200 Kč/ osoba + přepiš energií na nájemce,129799,Dnes,Cihlová,Velmi dobrý,Osobní,1. podlaží z celkem 6,39m2,,,Ihned,,Třída G - Mimořádně nehospodárná,,,,,,,,,,Ústřední plynové,,,,,,,,,,,,,2023.0,,,,,,,,,,,,,
59,"Pronájem bytu 2+kk 58 m²Keramická, Praha 7 - BubenečPanorama",18 900 Kč za měsíc,https://www.sreality.cz/detail/pronajem/byt/2+kk/praha-bubenec-keramicka/2279027788,18 900 Kč za měsíc,,N00153,Dnes,Cihlová,Velmi dobrý,Osobní,4. podlaží z celkem 5,58m2,58m2,,Ihned,,Třída G - Mimořádně nehospodárná,,,,,,,,,,,,,,,,,,,,,,,,,,,,,,,,,,,,
60,"Pronájem bytu 2+kk 62 m²U tvrze, Praha 10 - MalešicePanorama",28 900 Kč za měsíc,https://www.sreality.cz/detail/pronajem/byt/2+kk/praha-malesice-u-tvrze/1724716108,28 900 Kč za měsíc,záloha na služby 3.500 Kč,N00156,Dnes,Cihlová,Velmi dobrý,Osobní,1. podlaží z celkem 4,62m2,62m2,,Ihned,,Třída B - Velmi úsporná,,,,,,,,,,,,,,,,,,20m2,,,,,,,,,,,,,,,,,,
61,"Pronájem bytu 2+kk 55 m² (Podkrovní)Nádražní, Praha 5 - Smíchov",21 000 Kč za měsíc,https://www.sreality.cz/detail/pronajem/byt/2+kk/praha-smichov-nadrazni/1913574476,21 000 Kč za měsíc,+ poplatky 5 000 Kč,129135,Dnes,Cihlová,Velmi dobrý,Osobní,3. podlaží z celkem 4,55m2,,,Ihned,,Třída G - Mimořádně nehospodárná,,,,,,,,,,Lokální elektrické,,,,,,,,,,,,,2023.0,,Podkrovní,,,,,,,,,,,
62,"Pronájem bytu 2+1 50 m²Šumberova, Praha 6 - VeleslavínPanorama",16 000 Kč za měsíc,https://www.sreality.cz/detail/pronajem/byt/2+1/praha-veleslavin-sumberova/371004492,16 000 Kč za měsíc,poplatky 4000Kč plus el a plyn,48,13.04.2023,Cihlová,Po rekonstrukci,Osobní,2. podlaží z celkem 3,50m2,50m2,2m2,Ihned,"Vlak, Silnice, MHD",Třída D - Méně úsporná č. 78/2013 Sb. podle vyhlášky,,,,,,,,,,,,,,,,,,,,,,,,,,,,,,,,,,,,
63,"Pronájem bytu 2+kk 61 m²Soběslavská, Praha 3 - Vinohrady",25 000 Kč za měsíc,https://www.sreality.cz/detail/pronajem/byt/2+kk/praha-vinohrady-sobeslavska/532292684,25 000 Kč za měsíc,"Poplatky 6 145 Kč + elektřina. Kauce 2 nájmy. RK provize 1 nájem, neplatíte DPH.",000740,Dnes,Cihlová,Po rekonstrukci,Osobní,4. podlaží,61m2,59m2,,Ihned,,Třída G - Mimořádně nehospodárná č. 78/2013 Sb. podle vyhlášky,,,,,,,,Centrum obce,Dálkový vodovod,,Plynovod,,,,,3m2,,,,,,,,,,,,,,,,,,,,
64,"Pronájem bytu 3+kk 63 m²Máchova, Praha 2 - Vinohrady",30 000 Kč za měsíc,https://www.sreality.cz/detail/pronajem/byt/3+kk/praha-vinohrady-machova/2440434764,30 000 Kč za měsíc, Poplatky 3 400 Kč/byt + energie 2 000Kč/měs./os. Kauce 1 nájem. Parking 2 000 Kč + DPH/místo/měs.,000339,Dnes,Cihlová,Po rekonstrukci,Osobní,4. podlaží,63m2,59m2,,15.05.2023,,Třída G - Mimořádně nehospodárná č. 78/2013 Sb. podle vyhlášky,,,,,,,,Centrum obce,Dálkový vodovod,,Plynovod,,,,,4m2,,,,,,,,,,,,,,,,,,,,
65,"Pronájem bytu 2+kk 46 m²Mánesova, Praha 2 - Vinohrady",20 000 Kč za měsíc,https://www.sreality.cz/detail/pronajem/byt/2+kk/praha-vinohrady-manesova/999232588,20 000 Kč za měsíc,"Poplatky 980 Kč/os. + energie. Kauce 2 nájmy. RK provize 1 nájem, neplatíte DPH.",000570,Dnes,Cihlová,Po rekonstrukci,Osobní,2. podlaží,46m2,46m2,,Ihned,,Třída B - Velmi úsporná č. 78/2013 Sb. podle vyhlášky,,,,,,,,Centrum obce,Dálkový vodovod,,Plynovod,,,,,,,,,,,,,,,,,,,,,,,,,
66,"Pronájem bytu 2+kk 53 m²Doudlebská, Praha 4 - Nusle",24 500 Kč za měsíc,https://www.sreality.cz/detail/pronajem/byt/2+kk/praha-nusle-doudlebska/83506252,24 500 Kč za měsíc,+ zálohy na služby ve výši 1500 Kč + přepis elektřiny na nájemce,1010,Dnes,Cihlová,Velmi dobrý,Osobní,2. podlaží z celkem 5,53m2,53m2,,Ihned,"Dálnice, MHD, Autobus",,,,,,,,,,Dálkový vodovod,Lokální elektrické,,,,,,,,,,,,,,,,,,,,,,,,,,
67,"Pronájem bytu 2+kk 65 m²Moskevská, Praha 10 - VršovicePanorama",19 900 Kč za měsíc,https://www.sreality.cz/detail/pronajem/byt/2+kk/praha-vrsovice-moskevska/2935800908,19 900 Kč za měsíc,,160/5151,Dnes,Panelová,Velmi dobrý,Osobní,15. podlaží z celkem 18,65m2,65m2,,Ihned,"Vlak, Dálnice, Silnice, MHD, Autobus",,,,,,,,,,,Ústřední dálkové,,Veřejná kanalizace,,,,,,,,,,,,,,,,,,,,,,,,
68,"Pronájem bytu 2+kk 62 m²Holečkova, Praha 5 - Smíchov",27 900 Kč za měsíc,https://www.sreality.cz/detail/pronajem/byt/2+kk/praha-smichov-holeckova/3742962764,27 900 Kč za měsíc,"+ 2000 Kč garážové stání, záloha na služby ve výši  3800 Kč + přepis elektřiny na nájemce",H33,Dnes,Cihlová,Novostavba,Osobní,7. podlaží z celkem 7,62m2,62m2,,Ihned,"Silnice, MHD, Autobus",Třída B - Velmi úsporná č. 264/2020 Sb. podle vyhlášky,,,,,,,,,,,,,,,,,,17m2,,,,,,,,,,,,,,,,,,
69,"Pronájem bytu 2+kk 54 m²K Vystrkovu, Praha 4 - ModřanyPanorama",19 900 Kč za měsíc,https://www.sreality.cz/detail/pronajem/byt/2+kk/praha-modrany-k-vystrkovu/2320401484,19 900 Kč za měsíc,+zálohy na služby ve výši 4122 Kč+přepis elektřiny na nájemce,101/5151,Dnes,Cihlová,Novostavba,Osobní,5. podlaží z celkem 6,54m2,54m2,,Ihned,"Vlak, Silnice, MHD, Autobus",Třída B - Velmi úsporná,,,,,,,,,,,,,,,,,,,,,Zobrazit průkaz energetické náročnosti budovy,,,,,,,,,,,,,,,
70,"Pronájem bytu 1+kk 26 m²Norská, Praha 10 - VršovicePanorama",9 900 Kč za měsíc,https://www.sreality.cz/detail/pronajem/byt/1+kk/praha-vrsovice-norska/1006048332,9 900 Kč za měsíc,"Poplatky 650 Kč/osoba/měsíc. Energie dle spotřeby. Kauce 19 800 Kč., + provize RK",01287,Dnes,Cihlová,Velmi dobrý,Osobní,5. podlaží z celkem 5,26m2,,,01.05.2023,"Silnice, MHD, Autobus",Třída G - Mimořádně nehospodárná,,,,,,,,,,Lokální plynové,Plynovod,,230V,,,,,,,,,,,,,,,,,,,,,,,
71,"Pronájem bytu 1+kk 41 m²Nad Akcízem, Praha 8 - ĎáblicePanorama",16 500 Kč za měsíc,https://www.sreality.cz/detail/pronajem/byt/1+kk/praha-dablice-nad-akcizem/4003861580,16 500 Kč za měsíc,"+ 3 500 Kč poplatky, + převod elektřiny na nájemníka",202330004,Dnes,Cihlová,Velmi dobrý,Osobní,3. podlaží z celkem 4 včetně 1 podzemního,41m2,,2m2,Ihned,,Třída C - Úsporná,,,,,8m2,,,Klidná část obce,Dálkový vodovod,Ústřední dálkové,,,,,,,,,,,,,,,,,,,,,,,,,,
72,"Pronájem bytu 2+kk 41 m²Cimburkova, Praha 3 - ŽižkovPanorama",13 900 Kč za měsíc,https://www.sreality.cz/detail/pronajem/byt/2+kk/praha-zizkov-cimburkova/1067848780,13 900 Kč za měsíc,"+ kauce, + provize RK",,Dnes,Cihlová,Dobrý,Osobní,2. podlaží,41m2,,,01.05.2023,,Třída G - Mimořádně nehospodárná,,,,,,1067848780.0,v textu/see the text,,,Lokální elektrické,,,,,,,,,,,,,,,,,,,,,,,,,,
73,"Pronájem bytu 1+kk 41 m²Nad Akcízem, Praha 8 - ĎáblicePanorama",16 500 Kč za měsíc,https://www.sreality.cz/detail/pronajem/byt/1+kk/praha-dablice-nad-akcizem/262542412,16 500 Kč za měsíc,"+ 3 500 Kč poplatky, + převod elektřiny na nájemníka",202330003,Dnes,Cihlová,Velmi dobrý,Osobní,2. podlaží z celkem 4 včetně 1 podzemního,41m2,,2m2,Ihned,,Třída C - Úsporná,,,,,8m2,,,Klidná část obce,Dálkový vodovod,Ústřední dálkové,,,,,,,,,,,,,,,,,,,,,,,,,,
74,"Pronájem bytu 1+kk 40 m²Jandova, Praha 9 - VysočanyPanorama",13 500 Kč za měsíc,https://www.sreality.cz/detail/pronajem/byt/1+kk/praha-vysocany-jandova/1029510220,13 500 Kč za měsíc,"+ poplatky za služby a energie 3.800, - Kč (internet zdarma) + další osoba 1.800, - Kč",PP5530423 - Jandova,Dnes,Cihlová,Velmi dobrý,Osobní,2. podlaží z celkem 3,40m2,28m2,,01.05.2023,MHD,Třída G - Mimořádně nehospodárná,,Částečně,,,,,,Klidná část obce,Místní zdroj,Ústřední dálkové,,Veřejná kanalizace,230V,,"Telefon, Internet",,,12m2,,,,,,,,,,,,,,,,,,
75,"Pronájem bytu 2+kk 46 m²Bohuslava ze Švamberka, Praha 4 - Nusle",14 000 Kč za měsíc,https://www.sreality.cz/detail/pronajem/byt/2+kk/praha-nusle-bohuslava-ze-svamberka/1547506764,14 000 Kč za měsíc,"+ 500 Kč/os/měs (domovní služby) + elektřina a plyn na nájemce, + provize RK",PP5520323 - Švamberka,Dnes,Cihlová,Velmi dobrý,Osobní,5. podlaží,46m2,35m2,,Ihned,MHD,Třída G - Mimořádně nehospodárná,,,,,,,,Centrum obce,Dálkový vodovod,Lokální plynové,Plynovod,Veřejná kanalizace,230V,,"Telefon, Internet, Kabelová televize",,Asfaltová,11m2,,,,,,,,,,,,,,,,,,
76,"Pronájem bytu 1+kk 31 m²Kozácká, Praha 10 - Vršovice",11 900 Kč za měsíc,https://www.sreality.cz/detail/pronajem/byt/1+kk/praha-vrsovice-kozacka/3402835020,11 900 Kč za měsíc,"+ poplatky za služby a energie 4.900 Kč, + provize RK",PP5440323 - Kozácká,Dnes,Cihlová,Velmi dobrý,Osobní,4. podlaží,31m2,31m2,,03.05.2023,MHD,Třída G - Mimořádně nehospodárná,,,,,,,,Klidná část obce,Dálkový vodovod,Ústřední dálkové,,Veřejná kanalizace,230V,,"Telefon, Internet, Kabelová televize",,Dlážděná,,,,,,,,,,,,,,,,,,,
77,"Pronájem bytu 1+1 38 m²Holečkova, Praha 5 - KošířePanorama",33 000 Kč za měsíc,https://www.sreality.cz/detail/pronajem/byt/1+1/praha-kosire-holeckova/2395354188,33 000 Kč za měsíc,+ 5000 poplatky,ZZU0014-0002,Dnes,Cihlová,Velmi dobrý,Osobní,5. podlaží,38m2,,,Ihned,,Třída G - Mimořádně nehospodárná,,,,,,,,,,,,,,,,,,,,,,,,,,,,,,,,,,,,
78,"Pronájem bytu 1+kk 31 m²Peckova, Praha 8 - Karlín",16 900 Kč za měsíc,https://www.sreality.cz/detail/pronajem/byt/1+kk/praha-karlin-peckova/959128652,16 900 Kč za měsíc,"vratná kauce ve výši měsíčního nájmu + poplatky + provize RK, bez poplatků, + provize RK",57127,Dnes,Cihlová,Po rekonstrukci,Osobní,4. podlaží z celkem 6,31m2,,,Ihned,MHD,Třída C - Úsporná,,Částečně,,,,,,Klidná část obce,,Ústřední plynové,,,230V,,"Internet, Kabelová televize",,,,,,,,,,,,,,,,,,,,,
79,"Pronájem bytu 1+kk 33 m²Peckova, Praha 8 - Karlín",16 900 Kč za měsíc,https://www.sreality.cz/detail/pronajem/byt/1+kk/praha-karlin-peckova/1105183820,16 900 Kč za měsíc,"+ poplatky 2.700, -Kč, elektřina se přepisuje na nájemce, bez poplatků",56820,Dnes,Cihlová,Po rekonstrukci,Osobní,3. podlaží z celkem 6,33m2,,,Ihned,MHD,Třída C - Úsporná,,,,,,,,Klidná část obce,,Ústřední plynové,,,230V,,"Internet, Kabelová televize",,,,,,,,,,,,,,,,,,,,,
80,"Pronájem bytu 1+kk 32 m²Tobrucká, Praha 6 - VokovicePanorama",10 500 Kč za měsíc,https://www.sreality.cz/detail/pronajem/byt/1+kk/praha-vokovice-tobrucka/3987084364,10 500 Kč za měsíc,"+ poplatky 2740,- Kč vč. elektřiny a internetu",216437,Dnes,Panelová,Velmi dobrý,Osobní,5. podlaží,32m2,32m2,1m2,Ihned,,,,,,,7m2,,,,,Ústřední dálkové,,,,,,,,,,,,,,,,,,,,,,,,,,
81,"Pronájem bytu 2+kk 67 m²Květnového vítězství, Praha 4 - ChodovPanorama",11 000 Kč za měsíc,https://www.sreality.cz/detail/pronajem/byt/2+kk/praha-chodov-kvetnoveho-vitezstvi/849744972,11 000 Kč za měsíc,,,Dnes,Cihlová,Velmi dobrý,Osobní,3. podlaží,67m2,,,17.04.2023,"Vlak, Dálnice, Silnice, MHD, Autobus",Třída C - Úsporná,,,,,,849744972.0,,,,,,,230V,,"Telefon, Internet, Satelit, Kabelová televize, Kabelové rozvody, Ostatní",,,,,,,,,,,,,,,,,,,,,
82,Pronájem bytu 1+kk 30 m²Praha 10 - Pitkovice,11 013 Kč za měsíc,https://www.sreality.cz/detail/pronajem/byt/1+kk/praha-pitkovice-/733357132,11 013 Kč za měsíc,,9689/2918,Dnes,Cihlová,Novostavba,Osobní,3. podlaží z celkem 4,30m2,30m2,,Ihned,"Dálnice, Autobus",Třída B - Velmi úsporná,,,,,,,,,,,,,,,,,,,,,,,,,,,,,,,,,,,,
83,"Pronájem bytu 2+1 71 m²Anenská, Praha 1 - Staré MěstoPanorama",25 000 Kč za měsíc,https://www.sreality.cz/detail/pronajem/byt/2+1/praha-stare-mesto-anenska/2575942732,25 000 Kč za měsíc,"poplatky 1100Kč na osobu , elektřina a plyn se převádí",39,Dnes,Cihlová,Velmi dobrý,Osobní,3. podlaží z celkem 3,71m2,71m2,,Ihned,MHD,Třída G - Mimořádně nehospodárná č. 264/2020 Sb. podle vyhlášky,,,,,,,,,Dálkový vodovod,Lokální plynové,,,,,,,,,,,,,,,,,,,,,,,,,,
84,"Pronájem bytu 2+kk 51 m²Čelakovského sady, Praha 1 - Nové Město",33 235 Kč za měsíc,https://www.sreality.cz/detail/pronajem/byt/2+kk/praha-nove-mesto-celakovskeho-sady/3808622412,33 235 Kč za měsíc,+ Poplatky 5 600 Kč,128316,Dnes,Cihlová,Dobrý,Osobní,2. podlaží z celkem 7 včetně 1 podzemního,51m2,,,Ihned,,Třída G - Mimořádně nehospodárná,,,,,,,,,,,,,,,,,,,,,,,2022.0,,,,,,,,,,,,,
85,"Pronájem bytu 2+kk 49 m²Italská, Praha 2 - VinohradyPanorama",10 800 Kč za měsíc,https://www.sreality.cz/detail/pronajem/byt/2+kk/praha-vinohrady-italska/27661388,10 800 Kč za měsíc,,,Dnes,Cihlová,Velmi dobrý,Osobní,2. podlaží,49m2,,,17.04.2023,"Vlak, Dálnice, Silnice, MHD, Autobus",Třída C - Úsporná,,,,,,27661388.0,,,,,,,230V,,"Telefon, Internet, Satelit, Kabelová televize, Kabelové rozvody, Ostatní",,,,,,,,,,,,,,,,,,,,,
86,"Pronájem bytu 1+kk 28 m²Na Balkáně, Praha 3 - Žižkov",9 000 Kč za měsíc,https://www.sreality.cz/detail/pronajem/byt/1+kk/praha-zizkov-na-balkane/1722160204,9 000 Kč za měsíc,bez poplatků,100684,Dnes,Cihlová,Dobrý,Osobní,2. podlaží,28m2,,,Ihned,,Třída G - Mimořádně nehospodárná,,,,,,,,,,,,,,,,,,,,,,,,,,,,,,,,,,,,
87,"Pronájem bytu 1+kk 48 m²Tauferova, Praha 9 - Kbely",15 900 Kč za měsíc,https://www.sreality.cz/detail/pronajem/byt/1+kk/praha-kbely-tauferova/2597463116,15 900 Kč za měsíc,+ Poplatky 4 711 Kč + přepis elektřiny,129834,Dnes,Skeletová,Novostavba,Osobní,2. podlaží z celkem 5,48m2,,,Ihned,,Třída G - Mimořádně nehospodárná,,,1.0,,,,,,,Lokální plynové,,,,,,8m2,,,,,,,2009.0,,,,,,,,,,,,,
88,"Pronájem bytu 2+kk 45 m²Moravská, Praha 2 - Vinohrady",24 000 Kč za měsíc,https://www.sreality.cz/detail/pronajem/byt/2+kk/praha-vinohrady-moravska/2513835084,24 000 Kč za měsíc,"+ služby 3.400,- Kč/byt + poplatky 2.000,- Kč + DPH/osoba",A09319,Dnes,Cihlová,Velmi dobrý,Osobní,1. podlaží,45m2,45m2,,10.07.2023,,Třída G - Mimořádně nehospodárná č. 78/2013 Sb. podle vyhlášky,,,,,,,,,,,,,,,,,,,,,,,,,,,,,,,,,,,,
89,"Pronájem bytu 1+1 40 m²Zubatého, Praha 5 - SmíchovPanorama",15 000 Kč za měsíc,https://www.sreality.cz/detail/pronajem/byt/1+1/praha-smichov-zubateho/3970184268,15 000 Kč za měsíc,"+950,-Kč/os./poplatky+el.energie dle spotřeby",,Dnes,Cihlová,Dobrý,Osobní,1. podlaží,40m2,,,Ihned,,Třída G - Mimořádně nehospodárná,,,,,,3970184268.0,,Centrum obce,,,,,,,,,,,,,,,,,,,,,,,,,,,,
90,"Pronájem bytu 2+kk 63 m²U Sluncové, Praha 8 - Karlín",22 900 Kč za měsíc,https://www.sreality.cz/detail/pronajem/byt/2+kk/praha-karlin-u-sluncove/146216012,22 900 Kč za měsíc,Poplatky včetně elektřiny okolo 6 500 Kč,13101,Dnes,Cihlová,Novostavba,Osobní,3. podlaží z celkem 5,63m2,63m2,,Ihned,"Vlak, Dálnice, Silnice, MHD, Autobus",Třída B - Velmi úsporná č. 264/2020 Sb. podle vyhlášky,,Částečně,,,,,,,Dálkový vodovod,,,Veřejná kanalizace,230V,,"Telefon, Kabelové rozvody",5m2,,,,,,,,,,,,,,,,,,,,
91,"Pronájem bytu 2+kk 48 m²Kříženeckého náměstí, Praha - Hlubočepy",15 000 Kč za měsíc,https://www.sreality.cz/detail/pronajem/byt/2+kk/praha-hlubocepy-krizeneckeho-namesti/3147441228,15 000 Kč za měsíc (k jednání),Cena včetně právního servisu.,4,Dnes,Cihlová,Dobrý,Osobní,1. podlaží z celkem 5 včetně 1 podzemního,48m2,45m2,2m2,Ihned,"Silnice, MHD, Autobus",Třída G - Mimořádně nehospodárná,,,,,,,Paušální poplatky 1.000 Kč + zálohy na plyn 3.000 Kč a elektřinu 1.000 Kč.,Klidná část obce,Dálkový vodovod,Lokální plynové,Plynovod,Veřejná kanalizace,230V,10.0,"Internet, Satelit, Kabelová televize",3m2,Asfaltová,,,,,,,,,,,,,,,,,,,
92,"Pronájem bytu 1+kk 33 m²Hodonínská, Praha 4 - MichlePanorama",17 200 Kč za měsíc,https://www.sreality.cz/detail/pronajem/byt/1+kk/praha-michle-hodoninska/3316520012,17 200 Kč za měsíc,,JMI0014-0002,Dnes,Cihlová,Novostavba,Osobní,5. podlaží z celkem 7,33m2,,4m2,01.05.2023,,Třída B - Velmi úsporná,,,1.0,,5m2,,,,,Ústřední dálkové,,,,,,,,,,,,,,,,,,,,,,,,,,
93,"Pronájem bytu 2+kk 46 m²Dandova, Praha 9 - Horní PočernicePanorama",16 000 Kč za měsíc,https://www.sreality.cz/detail/pronajem/byt/2+kk/praha-horni-pocernice-dandova/2924614732,16 000 Kč za měsíc,"+ 3.500,-Kč veškeré poplatky",RP3745,Dnes,Cihlová,Novostavba,Osobní,1. podlaží z celkem 4,46m2,46m2,,Ihned,Autobus,Třída C - Úsporná č. 264/2020 Sb. podle vyhlášky,,,,,,,,,,,,,,,"Internet, Kabelová televize",,,10m2,150m2,,,,,,,,,,,,,,,,,
94,"Pronájem bytu 2+kk 55 m²Litoměřická, Praha 9 - ProsekPanorama",24 006 Kč za měsíc,https://www.sreality.cz/detail/pronajem/byt/2+kk/praha-prosek-litomericka/21566540,24 006 Kč za nemovitost,,VER0139-0001,Dnes,Cihlová,Novostavba,Osobní,5. podlaží,55m2,,,Ihned,,Třída B - Velmi úsporná,,,,,,,,,,Ústřední dálkové,,,,,,,,,,,,,,,,,,,,,,,,,,
95,"Pronájem bytu 3+kk 65 m²Soukenická, Praha 1 - Nové MěstoPanorama",31 900 Kč za měsíc,https://www.sreality.cz/detail/pronajem/byt/3+kk/praha-nove-mesto-soukenicka/1144460364,31 900 Kč za měsíc,+ poplatky 3000,BBO0032-0001,Dnes,Cihlová,Velmi dobrý,Osobní,5. podlaží z celkem 5,65m2,,,01.06.2023,,Třída G - Mimořádně nehospodárná,,,,,,,,,,Ústřední plynové,,,,,,,,,,,,,,,,,,,,,,,,,,
96,"Pronájem bytu 1+kk 29 m²Verdunská, Praha 6 - BubenečPanorama",12 500 Kč za měsíc,https://www.sreality.cz/detail/pronajem/byt/1+kk/praha-bubenec-verdunska/3052803148,12 500 Kč za měsíc,+ poplatky 1.800- Kč + převod elektřiny na nájemce,745,Dnes,Cihlová,Velmi dobrý,Osobní,2. podlaží,29m2,29m2,,01.05.2023,"Silnice, MHD",Třída G - Mimořádně nehospodárná č. 78/2013 Sb. podle vyhlášky,,,,,2m2,,,,Dálkový vodovod,Ústřední dálkové,Plynovod,,230V,,"Telefon, Internet, Kabelová televize",2m2,Asfaltová,,,,,,,,,,,,,,,,,,,
97,"Pronájem bytu 1+kk 30 m²Mikanova, Praha 10 - ZáběhlicePanorama",11 000 Kč za měsíc,https://www.sreality.cz/detail/pronajem/byt/1+kk/praha-zabehlice-mikanova/1961890892,11 000 Kč za měsíc,"+ 2.500,- Kč poplatky + elektřina",122,Dnes,Cihlová,Velmi dobrý,Osobní,5. podlaží,30m2,30m2,,01.05.2023,"Silnice, MHD",Třída C - Úsporná č. 78/2013 Sb. podle vyhlášky,,,,,,,,,Dálkový vodovod,Ústřední plynové,,,230V,,"Telefon, Internet",,Asfaltová,,,,,,,,,,,,,,,,,,,
98,"Pronájem bytu 2+kk 54 m²Wassermannova, Praha 5 - HlubočepyPanorama",19 000 Kč za měsíc,https://www.sreality.cz/detail/pronajem/byt/2+kk/praha-hlubocepy-wassermannova/4251456588,19 000 Kč za měsíc,,VER0116-0001,Dnes,Smíšená,Velmi dobrý,Osobní,5. podlaží,54m2,,,Ihned,,Třída C - Úsporná,,,,,,,,,,Ústřední dálkové,,,,,,,,,,,,,,,,,,,,,,,,,,
99,"Pronájem bytu 1+kk 31 m²Oblouková, Praha 10 - Vršovice",13 990 Kč za měsíc,https://www.sreality.cz/detail/pronajem/byt/1+kk/praha-vrsovice-obloukova/1540756556,13 990 Kč za měsíc,"+ elektřina a poplatky 1000,- Kč/osoba",23294,Dnes,Cihlová,Velmi dobrý,Osobní,5. podlaží z celkem 7,31m2,31m2,,Ihned,"Silnice, MHD, Autobus",Třída G - Mimořádně nehospodárná č. 264/2020 Sb. podle vyhlášky,,,,,,,,Centrum obce,"Místní zdroj, Dálkový vodovod",Lokální elektrické,Plynovod,Veřejná kanalizace,230V,,"Telefon, Internet, Kabelová televize, Kabelové rozvody, Ostatní",,Dlážděná,,,,,,,,,,,,,,,,,,,
